{
  "train_loss": [
    0.018741643944743768,
    0.01519524726868133,
    0.014486810805253181,
    0.013877652204121274,
    0.01344798561442712,
    0.013516431751495308,
    0.013174536735093667,
    0.013093181904348218,
    0.012973498473046748,
    0.01294440074332424,
    0.013038590063335248,
    0.012806286839654018,
    0.012591035069577807,
    0.01245132773154718,
    0.012451105011181414,
    0.012506251880453408,
    0.012613813364249797,
    0.01255389406671462,
    0.012252562413666328,
    0.01254841930124383,
    0.012358164583315696,
    0.012238617950730437,
    0.012273104492849185,
    0.012292773845645548,
    0.011742877774654768,
    0.011535256948219212,
    0.011295310695844194,
    0.01140495331635116,
    0.011392026494022893,
    0.011238083047678043,
    0.011336943460342709,
    0.011112340488842477,
    0.010927910318003933,
    0.010823959706813966,
    0.01064440544460403,
    0.01067694472406128,
    0.010578932022058798,
    0.010600424763043783,
    0.010668131088598008,
    0.010544431640086638,
    0.010523751395200294,
    0.010521534090416014,
    0.010471596861075313,
    0.010401519976750566,
    0.010396534571298426,
    0.010327169680225155,
    0.010364648187533021,
    0.010131522607446814,
    0.010025217067850239,
    0.009992105154994806,
    0.009978980807290396,
    0.009965915884251244,
    0.010024373033198248,
    0.009981692665787929,
    0.009907716828072729,
    0.009759605303692397,
    0.009654207639339054,
    0.009697158606665814,
    0.00968301223670961,
    0.009669032293526125,
    0.009789413066889428,
    0.009661115107463638,
    0.009704400446734453,
    0.009630696884459285,
    0.009562002069265382,
    0.009670392858675835,
    0.009485329847005796,
    0.009552935931825884,
    0.009464600840526307
  ],
  "val_loss": [
    0.016115954677973474,
    0.014945203438401222,
    0.012019689593996321,
    0.010659797782344478,
    0.0129744912098561,
    0.008660753523664815,
    0.008575242278831345,
    0.00879066703574998,
    0.007042691244610718,
    0.006747752760670015,
    0.01054128844823156,
    0.009960297362080641,
    0.009356901182660035,
    0.017322393267282417,
    0.008749466389417648,
    0.005913629196584225,
    0.00761700834014586,
    0.005242605161453996,
    0.006189719973398107,
    0.006165528736476388,
    0.009761463185506207,
    0.006186566448637417,
    0.007083737823579993,
    0.007101467810571194,
    0.005338222054498536,
    0.005153410070176635,
    0.006057849020830223,
    0.0071351399445640186,
    0.0058595521508583,
    0.0058009204055581775,
    0.005467899143695831,
    0.005585398258907455,
    0.004842038732022047,
    0.005215843407703298,
    0.00488921334700925,
    0.0046718737576156855,
    0.005220993754587003,
    0.005088329913892916,
    0.005286820299391236,
    0.004845102317631245,
    0.0044700773100235635,
    0.004999326874635049,
    0.004887274599501065,
    0.00478760212925928,
    0.005262303997629455,
    0.005111515854618379,
    0.004752181969316942,
    0.004454094949843628,
    0.00422091326410217,
    0.004438961856067181,
    0.004502111613484365,
    0.004353327976007547,
    0.004577983070963195,
    0.0046102204360067844,
    0.004365231608971953,
    0.004230809863656759,
    0.004415416790704642,
    0.004198373262105244,
    0.004255496131788407,
    0.004654154846710818,
    0.004390162282756397,
    0.004140669646273766,
    0.004366740384804351,
    0.004308349519435849,
    0.0042468141099171975,
    0.0043803855244602475,
    0.0042395461018064195,
    0.004404966785971608,
    0.004269151017069817
  ],
  "val_mae": [
    0.105085453745196,
    0.10675878664500488,
    0.08985777646325005,
    0.08235451700187696,
    0.09276244053638948,
    0.07478975938654912,
    0.07399133903927577,
    0.0790952489713527,
    0.06265717860798758,
    0.06753776295132412,
    0.08408687372713758,
    0.08518186097986473,
    0.07743026684991491,
    0.11193367226071133,
    0.07897386953256501,
    0.06069594413995219,
    0.06990234347082151,
    0.05282603513471258,
    0.05947604390348715,
    0.06290443239755404,
    0.08330535829089059,
    0.06383713036797417,
    0.06574821164853346,
    0.06678926572225465,
    0.055590644274125224,
    0.056198329981634744,
    0.05807034081801248,
    0.06947201435476018,
    0.05972975419856084,
    0.06041090453531069,
    0.05903374437264574,
    0.058117029378408916,
    0.05703932329102827,
    0.05450149751290155,
    0.058028540900195366,
    0.05473432526945544,
    0.057865345310638076,
    0.05911946565865946,
    0.05706204631387664,
    0.055038277367348204,
    0.05326756232439948,
    0.05800243460595084,
    0.054571444168905144,
    0.055009935442576534,
    0.05483730294763518,
    0.05904449205867422,
    0.05414400034605933,
    0.05255982713795675,
    0.05101184509716404,
    0.05180252027719689,
    0.051978743169675,
    0.05138155121378077,
    0.05176244184396637,
    0.05223160584479047,
    0.051079850252936015,
    0.050785130327785734,
    0.051451817378620035,
    0.050614543007905015,
    0.05038642880528641,
    0.05214477226159943,
    0.05114643908127618,
    0.05137678154766036,
    0.052042910000527624,
    0.05109514275587571,
    0.052086327653596526,
    0.052542158449286946,
    0.05125559070169402,
    0.0526649864299543,
    0.05033276000081969
  ],
  "lr": [
    0.001,
    0.001,
    0.001,
    0.001,
    0.001,
    0.001,
    0.001,
    0.001,
    0.001,
    0.001,
    0.001,
    0.001,
    0.001,
    0.001,
    0.001,
    0.001,
    0.001,
    0.001,
    0.001,
    0.001,
    0.001,
    0.001,
    0.001,
    0.0005,
    0.0005,
    0.0005,
    0.0005,
    0.0005,
    0.0005,
    0.0005,
    0.0005,
    0.00025,
    0.00025,
    0.00025,
    0.00025,
    0.00025,
    0.00025,
    0.00025,
    0.00025,
    0.00025,
    0.00025,
    0.00025,
    0.00025,
    0.00025,
    0.00025,
    0.00025,
    0.000125,
    0.000125,
    0.000125,
    0.000125,
    0.000125,
    0.000125,
    0.000125,
    0.000125,
    6.25e-05,
    6.25e-05,
    6.25e-05,
    6.25e-05,
    6.25e-05,
    6.25e-05,
    6.25e-05,
    6.25e-05,
    6.25e-05,
    6.25e-05,
    6.25e-05,
    6.25e-05,
    6.25e-05,
    3.125e-05,
    3.125e-05
  ],
  "epoch_time": [
    41.54647397994995,
    41.26082992553711,
    41.63267469406128,
    55.077959060668945,
    47.561777114868164,
    53.42219591140747,
    42.744431257247925,
    53.46199107170105,
    48.43371295928955,
    41.63179016113281,
    48.573511838912964,
    61.90169095993042,
    48.39091181755066,
    38.74626398086548,
    36.162750244140625,
    60.74864983558655,
    50.46638894081116,
    54.49216318130493,
    61.55570411682129,
    44.27264213562012,
    42.98554015159607,
    55.96600914001465,
    66.40513896942139,
    59.44439220428467,
    38.95640802383423,
    44.935550928115845,
    40.57127404212952,
    43.41130805015564,
    54.41709518432617,
    55.66774106025696,
    36.98425793647766,
    36.19038987159729,
    35.329888105392456,
    35.192809104919434,
    35.20865821838379,
    37.1111319065094,
    40.324514865875244,
    61.71298599243164,
    61.00985026359558,
    51.949302196502686,
    46.516093015670776,
    38.379886865615845,
    39.8500120639801,
    36.30263710021973,
    35.74060916900635,
    36.35488319396973,
    35.089073181152344,
    34.905190229415894,
    35.419883012771606,
    34.952208042144775,
    34.86368489265442,
    34.75064396858215,
    36.92875790596008,
    36.80907106399536,
    35.270148038864136,
    34.74700999259949,
    34.84602093696594,
    34.804429054260254,
    34.80860686302185,
    35.02316212654114,
    36.30219483375549,
    35.40677213668823,
    36.497992753982544,
    35.137402057647705,
    36.62131142616272,
    34.44768786430359,
    34.470861196517944,
    34.98616981506348,
    30.664422273635864
  ],
  "total_emissions_kg": 0.0,
  "best_val_loss": 0.004140669646273766,
  "total_epochs": 69,
  "swa_snapshots": 0
}