{
  "train_loss": [
    0.010037307233258259,
    0.008032781392638714,
    0.00789695378875737,
    0.007381674937869599,
    0.007089379346398123,
    0.006708910966226317,
    0.006580906543749288,
    0.006304380988153669,
    0.006117886342636761,
    0.006074375021585658,
    0.006009626477253995,
    0.005882158703342126,
    0.005776647263723626,
    0.005774913123591683,
    0.005721631158140425,
    0.005715149342642377,
    0.005289897303728306,
    0.005217180726621186,
    0.005213405685556447,
    0.0051539074204593575,
    0.005157338424965716,
    0.005118701782683196,
    0.005123495167132719,
    0.005101661283188596,
    0.005037579630098757,
    0.005028630948934042,
    0.005043962979660672,
    0.005080709882377664,
    0.004969032816631731,
    0.005037507818271891,
    0.004951924381833352,
    0.004986969676608666,
    0.00494490123205344,
    0.0049750497064730325,
    0.004991008113052673,
    0.004893298542621243,
    0.004922735268582927,
    0.004887184433487638,
    0.0048481232905903246,
    0.0048586899033273385,
    0.004679393233585691,
    0.004606500150495855,
    0.004601475589143032,
    0.0046232497759529055,
    0.004615247929525887,
    0.0045983864930444086,
    0.004577285988667717,
    0.004569745456522754,
    0.0045431700925788404,
    0.004566797734869564,
    0.004459324688864929,
    0.004398037760912732,
    0.004413620966980863,
    0.004365598003075035,
    0.00438683648433742,
    0.004334708541650268,
    0.004352537923323939,
    0.004341058573218497,
    0.0043533329728368,
    0.004272062924584842,
    0.00429658944796388,
    0.00425999997286526,
    0.0042562657598323225,
    0.004236575373358442,
    0.004244993117629362,
    0.004204706323334513,
    0.004164603751822677,
    0.00422274136374436,
    0.004212020766925627,
    0.004164260534813879,
    0.00412426603082396,
    0.004174044290043277,
    0.004180584745474468
  ],
  "val_loss": [
    0.035010733508637974,
    0.028134121160422052,
    0.030380763379590853,
    0.021915353568536893,
    0.03336382045277527,
    0.029205221150602614,
    0.020099070987531116,
    0.019432298306907927,
    0.021037145384720395,
    0.014294807533068317,
    0.01955623405852488,
    0.015173039931271757,
    0.019491279630788734,
    0.015549603450511183,
    0.014444084971078805,
    0.016732267636273588,
    0.014322654610233647,
    0.01515767430620534,
    0.012704168313315936,
    0.01432459189423493,
    0.014551697431930475,
    0.013801291318876403,
    0.012693953700363636,
    0.013458787995789732,
    0.012245497666299343,
    0.01479143981954881,
    0.015237272051828248,
    0.011454684659838676,
    0.010808700030403478,
    0.011912998211170946,
    0.012749580666422844,
    0.01192859813038792,
    0.013922263868153095,
    0.009935425594449043,
    0.012425780828510011,
    0.011794096657208033,
    0.014159584817077433,
    0.010646348419998373,
    0.014120065607130527,
    0.013678301657949175,
    0.012881974024432046,
    0.010990926064550877,
    0.010169013137263911,
    0.009512099304369517,
    0.01091466671121972,
    0.01036624370941094,
    0.011092307578240122,
    0.010106352823121207,
    0.011112677066453866,
    0.011611752744231905,
    0.01046105766935008,
    0.010825855657458305,
    0.009310656892401832,
    0.010712522215076856,
    0.011286675397838866,
    0.011197288786726338,
    0.01068539238934006,
    0.010692720035357135,
    0.011075314666543688,
    0.01018911081233195,
    0.01095180306583643,
    0.010836133999483926,
    0.011301707343331404,
    0.009798239384378706,
    0.011020999800946032,
    0.010334284310894353,
    0.010154619014688901,
    0.009883368387818336,
    0.010246246121823788,
    0.00970973979149546,
    0.009956214044775282,
    0.009973871521651745,
    0.010016637189047677
  ],
  "val_mae": [
    0.07344457168132067,
    0.07117759000509977,
    0.07012949753552675,
    0.06752197790890932,
    0.07927634809166192,
    0.07872641753405332,
    0.06352421801537275,
    0.06046619992703199,
    0.06251934494823218,
    0.05680023837834597,
    0.06755166828632354,
    0.05393703911453485,
    0.0587015987560153,
    0.05690753176808357,
    0.05083788115531206,
    0.06009114321321249,
    0.052114012576639654,
    0.053781204260885715,
    0.04842188436537981,
    0.055515577979385854,
    0.051305151470005514,
    0.05076711568981409,
    0.0495508498698473,
    0.048574228398501874,
    0.04723550107330084,
    0.05206309597939253,
    0.051204600185155866,
    0.04239276632666588,
    0.04474082544445992,
    0.044501269347965715,
    0.046136719807982444,
    0.04640145525336266,
    0.05126960575580597,
    0.0421856602653861,
    0.05153267618268728,
    0.04754468064755201,
    0.05281270772218704,
    0.04322592407464981,
    0.04677857499569654,
    0.0474227599799633,
    0.04993385657668114,
    0.045651089027523996,
    0.040385892279446126,
    0.04038717806339264,
    0.04222335461527109,
    0.040607449039816855,
    0.042953699603676794,
    0.04166434694081545,
    0.04638234209269285,
    0.04682727985084057,
    0.04310907922685146,
    0.0420334417745471,
    0.03782244261354208,
    0.04295213617384434,
    0.045798814222216606,
    0.04405192065984011,
    0.04092825461179018,
    0.044649024195969104,
    0.04378585420548916,
    0.03978217225521803,
    0.04326796378940344,
    0.04246563583612442,
    0.04493438087403774,
    0.039335544258356094,
    0.042663865573704246,
    0.04182628221809864,
    0.0413588260859251,
    0.04107785142958164,
    0.04061501506716013,
    0.039856597296893594,
    0.040652024708688256,
    0.04123056288808584,
    0.04092714104801416
  ],
  "lr": [
    0.001,
    0.001,
    0.001,
    0.001,
    0.001,
    0.001,
    0.001,
    0.001,
    0.001,
    0.001,
    0.001,
    0.001,
    0.001,
    0.001,
    0.001,
    0.0005,
    0.0005,
    0.0005,
    0.0005,
    0.0005,
    0.0005,
    0.0005,
    0.0005,
    0.0005,
    0.0005,
    0.0005,
    0.0005,
    0.0005,
    0.0005,
    0.0005,
    0.0005,
    0.0005,
    0.0005,
    0.0005,
    0.0005,
    0.0005,
    0.0005,
    0.0005,
    0.0005,
    0.00025,
    0.00025,
    0.00025,
    0.00025,
    0.00025,
    0.00025,
    0.00025,
    0.00025,
    0.00025,
    0.00025,
    0.000125,
    0.000125,
    0.000125,
    0.000125,
    0.000125,
    0.000125,
    0.000125,
    0.000125,
    0.000125,
    6.25e-05,
    6.25e-05,
    6.25e-05,
    6.25e-05,
    6.25e-05,
    6.25e-05,
    3.125e-05,
    3.125e-05,
    3.125e-05,
    3.125e-05,
    3.125e-05,
    3.125e-05,
    1.5625e-05,
    1.5625e-05,
    1.5625e-05
  ],